{
  "accuracy": 0.9016660403357134,
  "macro_f1": 0.8986550688605319,
  "balanced_accuracy": 0.8948225213697245,
  "auroc": 0.9718770703409678,
  "ece": 0.020666496124719123,
  "brier": 0.06736675649881363,
  "overconfidence": 0.017369155968607886
}